#FID	IID	AAAA
0	Qs6VICpSLw	0.0099651462779732
0	M7vYo9woxF	0.0120819676360179
0	PHVhTByRP2	0.0098109654203553
0	vabAzQ3DQP	0.0141290499411164
0	ABzq0Mwo45	0.0123923875198913
0	fZVBEjbQoQ	0.0104724015505411
0	b6EtlPgZmz	0.0117320963807621
0	1G1atuqBvp	0.0120953561617313
0	THCKmbbSgK	0.0112635671877391
0	6WG1DWbduv	0.0111009731394815
0	anpYqanVM3	0.0117808087268396
0	JyoO1JSbLi	0.0108729449932791
0	QBWN9tyyA8	0.0121348356303459
0	lG7wBFS1CQ	0.0110616386392633
0	r8O1YtLR5k	0.0120955109080763
0	P55Jia6vuS	0.0100952556531546
0	CVXKJ1N8vD	0.0117705358082073
0	tkMa90Y4Mw	0.0119688243052761
0	ju7CTzgkZc	0.0121209467232928
0	EGLjaMJf2J	0.0110795948795744
0	4cFq0EwKZh	0.0126299243881233
0	gI1ZNF3ALH	0.0123236019213295
0	QQz0zk5Uv0	0.0106493192316124
0	7SDsuV1dEA	0.0117152661166189
0	ihBvYX7xpI	0.0122795712299262
0	WWRFaGpI8Z	0.0120023792627397
0	iB1pXX3aTJ	0.0111147117049749
0	wAjRmFOSy3	0.0111448214085769
0	w7LwlT7igp	0.0126365427458069
0	DD5egk1yOi	0.0102839522420058
0	h4IWeP4ioX	0.012612315329261
0	k3w9A9RIdT	0.013799922913837
0	pQArMFyI3u	0.0118113673325233
0	orzf237925	0.0119683852803651
0	ioCfPZ2W2s	0.0123136521133653
0	AaNloBNCwf	0.0121533169676921
0	lmAnYuNLOq	0.0121465130440343
0	rnbTPOOOze	0.0110566464999567
0	jdakzCwVpG	0.011704586743379
0	LBOS6xWqR9	0.0120193776871722
0	ON6LvtXvBq	0.0128752549891481
0	6Y7DqjDfiG	0.011733827504535
0	YlJvIqzYiG	0.0109018609930959
0	kSBTOhHGHc	0.0102386016566472
0	aakgZGIwkw	0.0107803014842035
0	1nA7CpvLsr	0.0116649763034445
0	ZQpeH0mxD1	0.0111787091779859
0	TyeQPB2qFQ	0.0113552552482652
0	Pi45RCnfzU	0.012083105089795
0	RnbLGzryDq	0.0117636380871072
0	WtcXJadsm7	0.0114302668187794
0	QQICD0yO2z	0.0108427982735512
0	ugZ1cVupxm	0.0107043505535475
0	p36v6hJ4o8	0.0124767924484136
0	5x43SSC1zZ	0.0113308130391702
0	u3O2RLhVc3	0.0112496599413511
0	RTdaernb4p	0.0113212550539924
0	3MDxzWvJt1	0.0106774587902344
0	lW7koRb3EW	0.0107424415384097
0	UcLuP0XH5V	0.0111747077983487
0	fEUOMJTXVj	0.0109418057446647
0	DDKEAEpl7c	0.0112301009409086
0	pAklsNupZJ	0.0108672727844323
0	Wht3OIhynt	0.0115127984008457
0	mp6oAieZ4t	0.0109682775996335
0	rb5YHY8B4Y	0.010404692682296
0	X85nNi4ChP	0.00981791231566
0	oUuqrycXDD	0.011985693805236
0	YjduFfldT9	0.0111628640991005
0	IhyXmaZVmC	0.0121853369374735
0	LEVqmyaFM4	0.0126806258601004
0	7KLNyYQEHl	0.0120734830463139
0	01zMighCc5	0.0119792489643375
0	RwXiM92RKR	0.0110323404599207
0	A8ANqggD6T	0.0114494757779674
0	6G5l2zQCMO	0.0121830789694694
0	NyvVB2Hdho	0.0111616777612472
0	3SvUsF1uP3	0.011489799537628
0	9UyB12NgJa	0.0125599171008156
0	IjbfvbvkBx	0.0116529966650466
0	zEklJEWpQo	0.0123646024252572
0	XVNuqHJnFH	0.0105073080644095
0	zs01LnZSx8	0.0113432889461007
0	VnHGtCT2SH	0.0117369812798845
0	MSF3jvRvBW	0.0117731504308085
0	bJaMDq4U6x	0.010824505555479
0	eAuN4YeSfu	0.0120976435938811
0	kgj7rCUVVb	0.0119157431635056
0	MZ1K5vQfkH	0.0118110597131403
0	BVTtzPmhPt	0.0114991020428333
0	0V8A4oh7ZX	0.0102368714451407
0	JZV38kyXvE	0.0119429266959892
0	nF48e3X2D4	0.0105380579913761
0	VEjzI611hP	0.0107445478987847
0	dVpEDzXQTC	0.0112630209252143
0	3tcPEgNtOR	0.0125836743186841
0	KVDeK6yOjY	0.0112698601331479
0	kjqENyhCqY	0.0120285102194248
0	EwfzBSF6it	0.0114300587461717
0	nbPJ2pGGF9	0.0112705610091022
0	seG6E2VKcS	0.0119672722436688
0	JuCPTDM2vd	0.0106464311668442
0	ICxIMt9Zxc	0.011395112250028
0	Ow7Su1jR79	0.0121335886667832
0	aEnTaGyzNA	0.0111598235571458
0	2aShi3jDS8	0.0112022766816042
0	ARPRZkBLv6	0.0109949209001452
0	jJRzySVMCF	0.0099982878203175
0	1rPXG6kaTl	0.0117470039509081
0	aVio34CMgv	0.0123789093925216
0	GsRjU2PBSn	0.011331272915961
0	ZlQ99ME3mD	0.0118476651213219
0	rKb2ujV5jt	0.0118912030975031
0	q3OIIqV38w	0.0121638026758092
0	4evB4FsRGC	0.0123009548196653
0	khpuSVFiiu	0.0109460485222692
0	cvLTfMp1vc	0.0123043005223706
0	aOvpvFKsrI	0.0118190343098872
0	JuB2cJNWDn	0.0120383719385857
0	bbc1QVn4uU	0.0118208733805623
0	XzC7iqA0Ku	0.0111058272282163
0	Ma2AShDx3U	0.0112468336153114
0	o5lsfFlArd	0.0110959673284053
0	KAYoSpZAjH	0.0128733030454707
0	Hi7ycEXZUS	0.0103081375801427
0	j8HaaluNhM	0.0121981308827766
0	HAACfrvDTO	0.0123538151408387
0	SKbwkbQTx6	0.0129787283550663
0	ALPHkBcTs9	0.012298810318976
0	EThhFZ5FbU	0.0123673982368793
0	sk8xaTnntJ	0.011962491775857
0	A3Glbx6UYe	0.0107020243897692
0	MVFNG7NOXA	0.0112968271400935
0	dZtDlGxvCg	0.0113405636116871
0	fUtrBCzQrP	0.0124926411614273
0	OsHtWwrpdy	0.0126304257355796
0	ZK8UH5dtiA	0.0121415049162136
0	lVoXaoGOZ5	0.0119849735911754
0	mTlHHiy3fR	0.0111435228881202
0	4mT26HvyIz	0.0126555140728993
0	kxgs4fO48Z	0.0122871099028043
0	THPYPmsELM	0.0116235143419566
0	975RZWwbSh	0.0119764628900489
0	4IMAOMGv8C	0.0117399675134451
0	ucHMzqk8gz	0.0116890545813163
0	jyMwwabMg4	0.0107528328444592
0	7XCc4atT6N	0.0120990383757138
0	LqFvLZLPy4	0.0108189441026062
0	cTY7vMnXS6	0.0105272823756071
0	PUGdmt9ZkP	0.0107550482142539
0	h6ixUmWrcf	0.0116205697748288
0	AD4n0WYqYZ	0.0116697870114529
0	q0f6jPmwHj	0.0103927742805761
0	fpvCSVEeUF	0.0092034412656478
0	fI71hcZ2wZ	0.0115745140879325
0	wLzpnTcmOV	0.0125714156952338
0	T3QxNBfbl3	0.0125428243443228
0	HHxOi2qjHY	0.0112329491881419
0	ryPPpDpSMg	0.0121909722785847
0	LVRw1GMKiZ	0.0115223733436224
0	5nsYrYPanb	0.0117859138165517
0	O539pfFpZN	0.0123075073114221
0	0dCMP5rX59	0.013285176204823
0	qlC8fIU1kY	0.0113999961750575
0	2pgcTT0NSI	0.011041200363705
0	7KR1lO3lrG	0.0129807261640998
0	J2bujT9roR	0.0114842042580032
0	4in8llzlQR	0.011221357940066
0	7ePtsz3KUi	0.011379961960788
0	cWbdOybuos	0.0118536357038328
0	N0fOtHxHre	0.011792453670658
0	TXVT3DtgHp	0.0109480712634308
0	jt6TAKJT0F	0.0121486314811572
0	FGiG49qoks	0.0129419515962049
0	gnf1eZEI0h	0.0125201782897527
0	GespXpGjiP	0.0128197947807385
0	wKiVZ4pzQB	0.0118957721800423
0	n4tOQlJ43z	0.0121953165887827
0	pghVfMDFyD	0.010070770098434
0	fnodKp1Eo5	0.0109271770181196
0	nASCxjUPu6	0.0123440039360223
0	CJXUot30fS	0.0113061218436132
0	2XMjfoZ8M7	0.0091667085827546
0	0KNm8FKDb6	0.0117662910878276
0	5pKrUFHjLU	0.0114175201045039
0	bXkMftiqwj	0.0112883197113224
0	tp4umrYfmT	0.0112830937361099
0	yaoTWdSvYv	0.0127422535899985
0	miLn7dGzcK	0.0121909691990401
0	55IFpR8jqm	0.010995326998272
0	WfesjYa3rM	0.0107866837686919
0	rUAYdSemkM	0.0109220720658661
0	h8xpmzF8ud	0.0109267398833949
0	LgkwTxgMZo	0.0118636605798797
0	onr2mZCDqa	0.0116211855455908
0	TLp93By1WP	0.0109136755530197
0	57kWHv9N9Z	0.0119058839158971
0	1ROawb29eD	0.0121249009926576
0	n60THeUgyr	0.0125212218081136
0	zDi09PzcgO	0.0124728024145257
0	vwtW08Nbmn	0.0109249780251688
0	MUsVIRrHyH	0.0101091068431256
0	15Z0118xag	0.0111596091446107
0	uxfBUbdPeM	0.012722244003279
0	CSr1MqTxJn	0.0136128636486562
0	XxGl5SseGQ	0.0112824191618421
0	BVxJ13Bt5L	0.012060363558024
0	QEv1yDGoP8	0.0115913006834855
0	OEDtc95tqI	0.0096918135211284
0	COkyTxdwIe	0.0115637249842508
0	0BAhx6156J	0.0119052200863355
0	L2dtopg87b	0.0114491395982793
0	nsXehQ2Pfp	0.0114150273531816
0	lq9YHP6myE	0.0119338217696316
0	5tLAQkSyUm	0.0117337548024912
0	iIiXZCfIBL	0.0109080705848308
0	SGq13xYH07	0.0135841424137182
0	Bbe9qt6676	0.0111295484393471
0	OZCHIpHcHp	0.01173320438975
0	H6vh8AiRRT	0.0109752741861851
0	dVpNYqqirQ	0.0130735463970691
0	6igdoJpu4q	0.0108624667844507
0	KFCD6boWRE	0.0122686659067259
0	C6wjRdpl1G	0.0116213554868238
0	gAgWcUlFT2	0.0120270339293419
0	Q7WIf3ct2q	0.0111409466459735
0	RAyQpyd51s	0.0115625312169518
0	IGyZs8UJMq	0.011492440809896
0	PWc4Bb2ioz	0.0113304046383239
0	6Eft2lIkgn	0.0117495159873742
0	ZbVCzXYqjY	0.0135924570238599
0	y2N9VLGxCd	0.0111073975857545
0	syiTNwQWGK	0.0113489937571079
0	z43UdsrMgF	0.0119272332687006
0	fJGYKB2s6b	0.0124864196986826
0	2aBOyk9LPv	0.0123061104127099
0	mYAmr4epHl	0.0107142169103844
0	cy2k3wTKSk	0.0106916026025633
0	Uwdoqw94oI	0.0107557742991082
0	zGORFUowHX	0.0115383335348509
0	im4tYCgpg9	0.011738964718773
0	VJK4o2faDf	0.0123803227109301
0	a3RDILSe7M	0.0127507429172195
0	Vq32r0ot8B	0.0122355924515504
0	dYsdioM4K0	0.0119125595867324
0	3bCExoRlk4	0.0114528767751884
0	qIDDxRyT1P	0.0105840408306147
0	t8BYWEBvCq	0.0107948653942164
0	IPGT8PMcLR	0.0118935894341897
0	5qMTtjjeH0	0.0108591794754995
0	TpVOsQABl2	0.0117730985962151
0	dWodPmvAw3	0.0115679955445457
0	UUqY4er4YZ	0.01178329607819
0	z3mlTAbr77	0.0118931928174863
0	7xxVv7Jt5t	0.0119754230106442
0	fqWJRyBybQ	0.0122786204288935
0	ZfsoglYjFd	0.0113931390508427
0	hXQItq73Ph	0.0113001023170042
0	VB54AcZCdz	0.0118116923985168
0	Ng2nVoSpyH	0.0103419634565891
0	zjH4bF9YG4	0.011494692162842
0	waCuWIfcrR	0.0108589648287713
0	WFutSSRkN3	0.0113725272406171
0	C6VmadJOfA	0.0122610963119623
0	hXdJc6FLGE	0.0131793884322613
0	tQC8lr1Wrs	0.0112143081535874
0	dmCgILsh0N	0.0110306055966913
0	c3xr4xRD5M	0.0155688889740805
0	fpP67n8C7K	0.0129879676173408
0	ECzwtbKN4u	0.0119351608623412
0	b15wPeHslA	0.0137287761403702
0	Tb1JIUlAH0	0.0114046341007802
0	HWrJ6qTUCk	0.0125771212798938
0	vnGbRC7uxj	0.0119346508121905
0	NdbzcWqMaY	0.0127758353282526
0	W1b1s3VS3p	0.0112334695332612
0	wWGy1EYUA8	0.010999248437436
0	WOz7pqm7L2	0.0109510714380624
0	kGmncnLwaz	0.0109260000820853
0	hdG7x23aoA	0.0120277976217725
0	SOZa6ryDtZ	0.0130233053999007
0	AZ1VEVQC38	0.0128328910821335
0	AsSyaEec2P	0.0118001259048357
0	wcMYfywbbT	0.0120248730439294
0	B7GCSAVHK3	0.011597974148818
0	qAEZnNUP7c	0.0115428239996845
0	CdpIQr8HaV	0.0112432853954959
0	MpxC1QVK2M	0.0106108030389843
0	MWsLnUlung	0.0100092238254694
0	DG9EOThY60	0.0106954313856745
0	hbzI85lOp5	0.0109180326583873
0	4aDKG7Vqq8	0.0116231630341749
0	P5J2aG3Nhu	0.0121935318379816
0	dQX9t8ArYN	0.0105925212494596
0	VPDrjLbZFi	0.0123814686754269
0	D3lB3rjmfG	0.0125398229449607
0	w477Qyv2FA	0.0111263965760559
0	NZ6sU4oIfu	0.0141475812638566
0	MtFUrHOiiq	0.0115356752657904
0	K9R87A9A6M	0.0125897979200649
0	NRARnLUzAL	0.0118459525740067
0	xdWbM5R9I1	0.012196791202619
0	FnPvr1tLyL	0.00993023602557
0	pD6RRNWF7D	0.011356068098351
0	k69zsfdddg	0.0113020133320188
0	eRtRCpPPjK	0.0117591904103433
0	mm7WzYxAeh	0.0123074332993898
0	CsGylITVdN	0.0135679904016007
0	DLK8xBRazS	0.0121814096857205
0	zePRGqm4FH	0.0111721205470354
0	NIMbqx7C35	0.0126263717198467
0	vQ47Hr5m6C	0.0111802375858929
0	iBowYmSvKA	0.0124132584393836
0	4mZMkdcqTJ	0.0109987928548117
0	kRC87RK60g	0.0108162857032508
0	9UGN8SQPpA	0.0111012135917821
0	YfvqTTwcod	0.0118351923975566
0	h9OrfnWPm9	0.0093783097522922
0	CgkMTJ9Wbk	0.0228895782609383
0	poPgJSFhth	0.0102585288081249
0	rNEeeKhAdW	0.0131071865282093
0	PBfFuujfdM	0.0118525552088279
0	pMNvJPHkk0	0.011866217017442
0	25mGgtps0U	0.0115562287658391
0	yoxTQzPXhP	0.0109859906737108
0	SSol4fV5YL	0.0118291745151573
0	tmOwvve1Pf	0.0116151099888678
0	AnsQ7iCgMt	0.0113205239003436
0	FGJEzb2N1w	0.0118207060069204
0	G5nfW521kE	0.0107305210517509
0	k64tQ7ug1S	0.012144532538381
0	64Jhs3XKuK	0.0108631764466191
0	UZEHHPHetH	0.0115983536219673
0	27ph9ufzNz	0.0108027343142694
0	iR5Ap8hZ8o	0.0099671565068963
0	mhANYvRUQh	0.0120057507693227
0	VbWjJQOuUz	0.0116368061778441
0	dpgmJtDqmT	0.0112539103663575
0	jaubKsFSME	0.0110741133850903
0	4jyMiMhDKh	0.0117360630322872
0	RqdB70Ise8	0.0114635647808264
0	Eh1Sv5BUjR	0.0117345731353357
0	KgVFAcgSwA	0.0110187609822003
0	VGYuGhfCpi	0.0110128268628082
0	y0F1zvucdB	0.0117998154751515
0	oP9iPGWEX8	0.0105407011835816
0	e0x6O6cvHu	0.0115017215378353
0	KKw0IMz7LB	0.0102622066180845
0	5tKE8EEU9e	0.0127138269221903
0	kzalTqfyQv	0.0111422998724426
0	ybOx90FcTZ	0.0115393296233268
0	mJwXNqxpAn	0.0103906502726648
0	uyxcsiltGv	0.0127259224371802
0	7TQHAyMyxG	0.0123657990210507
0	6cUDaUdHOH	0.0123717146241502
0	17sLphdbVp	0.0116484278824451
0	uQbMUoQG2b	0.0107605293250966
0	U60ju4iXPw	0.0115742658261596
0	9NiGlcPSSB	0.0112153814348044
0	lGpW6wzPWw	0.0106252554147936
0	7VCOxhyPaf	0.0118457673983286
0	36d71IGapy	0.0121011438225275
0	q2uB5IPLZI	0.0117429906187039
0	KM16dGQ6SD	0.0122608725952629
0	ZBda7ZgJtB	0.0110893642953343
0	WjqKfjPUsf	0.012210809738525
0	pIi07Y7TWR	0.0117055770492149
0	LYSc1cVlLw	0.0120371599203716
0	Dv2J2B5j6b	0.0120160319455117
0	uizIWXh4b9	0.0140632547908905
0	aPfNr6PeMB	0.0121574924206503
0	08IjH14RSf	0.0114708375802528
0	4hhQ4tXDuT	0.0103971854562354
0	rajBXwqxlQ	0.012398517957747
0	sfSlHgjGPA	0.0113582008480141
0	mIzpLGilsC	0.0106415121138042
0	BnQg4GumoK	0.0108328972350649
0	avqkPP4HeR	0.0110897726922701
0	7utqWQAtOe	0.012594834534319
0	kqt7PXBsmt	0.0108130362174473
0	X4dA4i91fV	0.0114911766096176
0	rSaSSPgB5X	0.0120803031438522
0	TlCvRsu08S	0.0120149981484398
0	9LNpz5m1PF	0.0129392159205888
0	7erTMl7pAz	0.0112011848185331
0	u1vmh1IYZE	0.0144609399960486
0	AplGkrXDLp	0.0131672509155631
0	FMNMgp3oJU	0.0119800174873347
0	2DjNuMq1rx	0.0116959370538317
0	egr59g2LbR	0.0112091537603561
0	2Z0boIolID	0.011181953328497
0	6Dduy8gCqK	0.0119865303448525
0	po0merZl7L	0.0123457570357126
0	suEntgr3Ge	0.0108414887202809
0	FJHVdiPxDZ	0.0116530460350268
0	o4DmPUqWSO	0.0124512774700404
0	H53vCjdxXN	0.0114358379492223
0	WvN5PI09UW	0.010594898116241
0	l4YLomv5hm	0.0127614899344092
0	WpkEDjFTqw	0.0110764626726104
0	VTjrOucxfj	0.0109544456251278
0	vfvRSpjnZM	0.0142220168265169
0	p4DX5aCxh9	0.0110251021588385
0	uZT4ScJ88Y	0.0124932615202938
0	9m0ttHn60h	0.0103892865129534
0	CocYsvYM5C	0.0110905329632947
0	5Uo7lqKIdo	0.0121666250985499
0	ZqoXhLL235	0.0109747293453007
0	9mU8z3Llzl	0.0114162760321058
0	F08L3iFyem	0.0116752498337063
0	NZ1GfjGPne	0.0107819621815969
0	X4pXbf8f5i	0.0116804763926392
0	v3ononi43s	0.0109253421786252
0	8cMyuPow2F	0.0120792602954979
0	gfFpgmUqCk	0.0233622618395613
0	WSjqi2t0YM	0.0115773912149467
0	GRme9TcCYv	0.011841697712911
0	y2WFcKMZIj	0.0134983194068849
0	f3FxO6S9Lc	0.0129799348434005
0	zFUF2PqAsm	0.010932419624381
0	DksOdwho3P	0.0112958403675227
0	prsCKrqz5t	0.0112315338010792
0	gYIOSZqlDR	0.0123727548194084
0	zTIo9dSkv4	0.0118410404763562
0	ppKpFH3eCr	0.0119115382881415
0	HzL1vokDmA	0.0114566561518937
0	L0tKA7uazN	0.0115485829992672
0	GsE8dtB8M0	0.0130121122782914
0	kQspo48g8r	0.0128139488129253
0	qxO8i1pwnF	0.0101491909724835
0	G7zUDRUltu	0.0127874541066869
0	tdXzsT3uau	0.0120575747640606
0	IUcT6tAH1K	0.0119264199408841
0	lZLEA2XDcJ	0.0105364667559281
0	mQyuQEA03v	0.0109405635442574
0	Br0WRXHKRh	0.0124281545765938
0	o9qfJYtdV6	0.011499158904316
0	yxxFdmBcq7	0.0123540123753704
0	fKrV6UeJGa	0.0104047721230052
0	Qnl17kqE6K	0.0116112905370461
0	XjfLl2TA98	0.0108436793378954
0	jHkTBpB5Uj	0.0131602809125239
0	vQPOuWTjWV	0.0127645283669032
0	O5pzObkE6r	0.0100027555133465
0	yBcwDzgMqX	0.0124851060459553
0	jyg43DflUS	0.0115912282383448
0	vgYQ2pNfSB	0.0119367039653897
0	1dIh29UiZ3	0.0118837164310017
0	LQ4zkgccgA	0.0123314425505574
0	HkdHzxieSF	0.0126134704192631
0	rXjTtoMoBs	0.0117536440626593
0	AjKTVvZZ9c	0.0102629143496823
0	ej2INLAWqT	0.0134623060405005
0	ZD6Z3Qdh4X	0.011055156389612
0	xrm4gdFFAN	0.011076603853483
0	y2pYoefYgD	0.0103392907635894
0	tjMIxuGmQ1	0.0102923359650213
0	jTlInNXhZY	0.0117945017370314
0	NHAkfudljA	0.0128790244675979
0	3aLKbBAHW8	0.0120738713621439
0	8nVMw0vWIi	0.0112255088419616
0	Sk120O4XNR	0.0126302488134252
0	wRyAEMX1oX	0.010902059842007
0	TFaCAWUUWp	0.0121752147869836
0	HEqbqrrIwH	0.0108075742705763
0	fiCs8BQgQV	0.0116628011998192
0	As2oDAPXba	0.0114792524750079
0	E6eWbeFuxb	0.0126195558670787
0	YhfuqeD1MG	0.0122675897164588
0	diSilYfzlw	0.0129654248843438
0	XPkEWAHe1u	0.0123610684649632
0	a3vSbTKb6v	0.0111884790549919
0	EATDbzQbOn	0.0106222132356274
0	ICR5kzAQLF	0.0124965820413202
0	h8zswlUwc1	0.0103742703919587
0	bL89hCbFRq	0.011831310728892
0	EOb8VPnuAA	0.0123467321822607
0	RxfGot5S3J	0.0112781824642512
0	zWTUihGJIz	0.0122836009515369
0	BpqYJGedos	0.010940042919599
0	oF6sB51uSb	0.0117398362364997
0	UyoSeeB6Te	0.01101639303105
0	zzLHO2LVDY	0.01207356135333
0	hrfg5CoyeT	0.0117751082485049
0	G154ljXDwY	0.0121078448531505
0	paZNmE7xJu	0.022837794349701
0	4FqnvVHCGE	0.0102942107128392
0	bnU6X8a4We	0.0111982098984288
0	HoHnoHoSGU	0.0118827153896077
0	dgAEzKeEKe	0.0123077232429005
0	jd4UILuUeH	0.0108498448411149
0	3AMaHl8hYm	0.0118562134906217
0	6kFU54TcrF	0.0098344942230949
0	IIq1dnL6oZ	0.0116916845820939
0	fsV2pLrGDh	0.0115332314135146
0	AQBe2X3MC1	0.0148410494607875
0	ie9WkmPdxm	0.011282129605225
0	rrOrlFJ3tK	0.0110351219635544
0	Bq1so9BnXl	0.0122081121139481
0	KRVqyz1PAE	0.0112144728525829
0	BYGOEWOj63	0.0125450313890273
0	DjjzS2WmCf	0.0120736477063842
0	ZP3jv9gVpF	0.0114125583148736
0	fD0TCFxxFX	0.0117450337523723
0	CKGh9JBQc9	0.0134331177737542
0	IGBrwDpqTM	0.0116978900509691
0	eBIptiHPOW	0.0108660260859271
0	pUWh8lnbCx	0.010168880135939
0	FcyZ2xM6pO	0.0136135073423952
0	FRB0OXmyez	0.0118699518740324
0	TqTuHWO6xe	0.0118656560646577
0	6AyjHSfReC	0.0115916122019017
0	NUtJo3muOW	0.0119075574411349
0	VWRFK0C7Au	0.0110186723180022
0	3k77s5M1Ux	0.0125514556258643
0	6NB8U8Nwm8	0.0123333234422165
0	pBfCOkjl71	0.0118671130667901
0	aH3K7L3UY8	0.0118271429138855
0	Xqo0RWMjxh	0.0119681156588955
0	iB2XabRXua	0.0113985758832717
0	6TTot3seGf	0.0112307487344759
0	0AJ3wHxSlA	0.0105598729749892
0	uqYYNfcyPr	0.0106046194346765
0	7fTuzgTTH2	0.012145063787001
0	lLHg3GUILB	0.0113193914388817
0	cfISxPguse	0.0114234064500851
0	oiCQFZmcdE	0.0114149129935092
0	nLv8mW1VFF	0.0124052406526916
0	fviNGlqWij	0.0125904664159115
0	BEcGdJwFal	0.0126672498162303
0	FrbCFUQ0sZ	0.0235750277527275
0	OKOLZIjdlJ	0.0103417765418354
0	we6R4WmW51	0.0107875730736896
0	mb68ntwk1Y	0.0109660779830163
0	8mf6xmWjXi	0.0112343496112951
0	6s3vf35fRp	0.0106863713602879
0	WLpamw36No	0.0117009497660326
0	CMpxOUZHFN	0.0109514708937869
0	GGMgj6waEZ	0.0126749423582604
0	hSFTxuVQcv	0.0120585960128263
0	i7ySm3ZTdh	0.0114644778140892
0	Q7Lr6mlc4G	0.0231261453535679
0	6n7n0QeXen	0.0113840433989618
0	XtQihXF5WJ	0.0123689745856656
0	an4EoDDh6V	0.0116113829340082
0	XHlvLVsAJe	0.0109806280686051
0	mkfUkyjOB7	0.0118746525641874
0	F0otaQLbVC	0.0106713371213088
0	NqSNX5WezL	0.0111203311146593
0	cNReE0nVD5	0.0116752225347097
0	E9Tgshxhhr	0.0125907473299727
0	NNdevp6sWA	0.0114385825962942
0	2p8OVvgr5I	0.012428811108598
0	r3bEp7y3xR	0.0105173637802341
0	LR2aqmGWgJ	0.01103771474921
0	VnkLFOBrtM	0.0117945933347501
0	2WaONXJcVt	0.0127981525161151
0	XnV2SOkLTB	0.010885291125345
0	CZ0mJeW9kj	0.0120115319752864
0	Ptk7PQ79Gl	0.0113607084990588
0	d8r5AulbvZ	0.0113633003001015
0	VTLChpX0c4	0.0117235613455557
0	efWOw8vgAg	0.0110331670163151
0	xt5JsSO7yN	0.0107482698017243
0	hytgC38Hqk	0.0127656578585722
0	BdVE0xxQc4	0.012521859473881
0	gSoF46UciW	0.0118840399312719
0	ERf0pPAgZQ	0.0112033024295138
0	mqEwZoMXXD	0.0107735933879725
0	zSJDly7AUD	0.0122336463869072
0	hnuhPsFqGx	0.0105673207072591
0	1563s1zKZ6	0.0124489170285433
0	pllH65B2GL	0.0123645730687719
0	WIaD60m2Ke	0.0126384306295123
0	xZFPqL2y8V	0.0125730051650435
0	0vcMItTmPX	0.0113418503274238
0	VBll7q45pa	0.0129413938450221
0	HoKiMXAMKQ	0.0111120610510964
0	U3vDf7nFnx	0.0121104567120168
0	T3JImSseug	0.0115673081772315
0	DnhVJ80LW2	0.0115255046607292
0	9OT69pVlho	0.0120258206895366
0	pPguIpEJsM	0.0112075487218347
0	ZOaKKFflmX	0.0111901569143477
0	qj7iw2nLww	0.0092954533845564
0	TruKAJMjV2	0.0139362485920986
0	o3ulfWR8Gt	0.0114077013943645
0	kABckyZb2v	0.0110571257243171
0	AxCJI4hRYK	0.0121047971811776
0	gGwmFYhnOU	0.0107556583675776
0	1MN6oWB4mo	0.0112680316046007
0	0Pw5UHUyMr	0.0127252410762215
0	Mwdzn5tbo0	0.0106981525271294
0	fLDUb36yTU	0.0118344941241892
0	tEKxJlGXue	0.0116185527402778
0	IDnYGO7vfF	0.0186604500488196
0	BYrTyS8a3o	0.0105466512675478
0	Fc3ZmX8mT6	0.0122527805507112
0	wdkwcx27PP	0.0113343730977644
0	Y6WKFLb5sc	0.0128849333244409
0	S1IXQMyhrs	0.010880755952106
0	E9hD5imZ5V	0.0108091401971287
0	6e6HHm3osu	0.0120944919968155
0	jzmwyuYo87	0.0113022585104624
0	Gbq5TBayZb	0.012054311157985
0	BGjKMG9RHm	0.0120019352733512
0	P5N5yfpRk0	0.0114812859749585
0	v2p0JWYfhN	0.0123366368727897
0	S6fVi1Gktn	0.0144480936513019
0	RBVC2I8yCr	0.0118797908634918
0	NWzhMnog1r	0.0125038440430441
0	kCjvb6TjPN	0.0112431274735666
0	2NN8kleEj6	0.0126767887620129
0	ZD3qddaAiC	0.0113644866371946
0	A4SxyW93hN	0.0124278534669406
0	59rIsMzhXH	0.0113461931090262
0	zMmm26Ys8o	0.0118592933497928
0	3mATH1r7cp	0.0126338114053201
0	iJd45lrAbg	0.0117852165129753
0	9fINhffSIU	0.0113431003286896
0	3fWyP5d2Q4	0.0129184861921758
0	ZBlvVtZ4gl	0.0104375579285329
0	D27Aa4GydW	0.011976778527149
0	PkbHvFSsbd	0.0117283213419694
0	SuIc1CDjgd	0.0098331238854006
0	ZUaksBxnnu	0.0120307924697164
0	BU23scArrT	0.0119812075382126
0	uz97hhiwgY	0.0118129550024801
0	fpmXT0ewTo	0.0127594064459324
0	wPrpnEF3gY	0.0119418834048126
0	4AgmRvixAU	0.0101678177548635
0	3Cky6qJBP7	0.0112377463926708
0	PzcP1IMDi6	0.0114474718390969
0	mFqwcy7uQf	0.0118182987762757
0	X20Q6DNMX2	0.012432221393625
0	qwUStzOTwj	0.010772818521909
0	7RXwHfBrMl	0.0117106126462709
0	ADCoyyhFWb	0.0111410095786143
0	63KFSXRHDU	0.011573500428699
0	UU0jDHdzb0	0.0124333610916233
0	rtDxPEcOEd	0.0113216930483195
0	GeavRXFmPQ	0.0108676622927038
0	8Cp8FSBSPA	0.0120255078869171
0	UdZLMM3Z67	0.0107240908650798
0	UKD9giVAFr	0.0109510063976342
0	RIDD4DUtJK	0.0129457072947505
0	owUWI8kMVb	0.0110715778794101
0	tjL6zSxBYm	0.0123232092969114
0	y2IgpUV0i4	0.0110567522318281
0	Ai9lwIG7v1	0.0115031117163069
0	NVtvrafRR9	0.0114520443241868
0	TdJf0Djl4W	0.0117030208297971
0	43VRS5KJ38	0.0116852640167294
0	zZDxa2ikU8	0.0112016051116928
0	agCizI5Zir	0.0121721997004963
0	OrVYRht3H3	0.0120265915945023
0	NEEQRJ92mz	0.0123540526085787
0	20IxsTWHL7	0.0108640372365785
0	q7nehDq4GU	0.0122561232608886
0	puGlrfCU0U	0.0106827181342044
0	JEnZv7yvJe	0.013742058785787
0	2Rt5jUBras	0.0121849681624263
0	hQHWaozq8r	0.0107447202667655
0	Qzw8Xh4dbj	0.0113599402071987
0	Yidla7HBE4	0.0125392370690849
0	x5tLItjHZT	0.011481099434075
0	mtveyKio3B	0.0103235708384666
0	hhdko8fLh7	0.0112749663724965
0	O0KxrS4YlW	0.0113928595175235
0	c5sEEZNbkq	0.01362139147667
0	VpO1Bbd4Qq	0.0113128559280211
0	JOSrzrPH0T	0.0112589495095857
0	tzU4ifEf4f	0.0112688641709727
0	88zCxMTC19	0.0111335007871723
0	HHi03WTRku	0.0118445537555096
0	AIUpqcFqJZ	0.0127058922491567
0	SZgx4cqwSX	0.0121388498910623
0	Z6mnpEUHf8	0.0120619164304557
0	qdQMWQJKm2	0.010279507545596
0	2CIoX1zga4	0.0113194399993759
0	83SJx9UBpV	0.0114513290950155
0	zIi0tlRW5p	0.0112612314532228
0	zJkoe9vLxg	0.0121438202736368
0	fxTrme9BSY	0.0118896131210011
0	F0RzESBuWs	0.0118256064111267
0	GfA9ILjamB	0.0109298115596392
0	UG4439AgXL	0.0122742056865513
0	pkGXNxNpmF	0.0115157945683307
0	5bgwvXDNck	0.0115953484829237
0	KCXgpM1r2F	0.011457621568215
0	3ruksorFw1	0.0104345793233152
0	HPSUs4ZZWl	0.0114522587354542
0	oir3xvXcVm	0.01265035408617
0	UVU1ADqLrj	0.0102517058617614
0	i8IQU1kGak	0.0137925703076432
0	PDLlfT97zz	0.0130475648368635
0	BElRbr82w3	0.0120437440374126
0	v2WkrN5lrp	0.0117591961010123
0	ldri16561m	0.0115946222073542
0	0TZwDH6eWP	0.0102401385875187
0	N7tWjVW6AG	0.0118133607928069
0	0xr8Xc0Kcj	0.0114662550824675
0	7YhYlS6fW6	0.0118621523926794
0	RNeqvMBuUt	0.0107668634879461
0	FFmxvDkgpV	0.0129326250237854
0	GP85rTau9j	0.0134971768914399
0	SonwpKvldj	0.0109786628134178
0	i0tSWjCOuI	0.0121958273357888
0	1LIUb4PrgV	0.0104775276393925
0	U58BeIzLWM	0.0114874003929249
0	CJPx7KtW3o	0.0119028370127086
0	l9RQ7WCdGZ	0.012045373353102
0	16EZ2qST3v	0.0114420730752917
0	Xz22aB4bqE	0.0118632158096276
0	1MnZSIxlJ4	0.0108367990167111
0	HBTFuALMaL	0.0105481612999514
0	FaItQ5Esfe	0.010499100351241
0	O2mZ34RQqs	0.0118856331478695
0	5j39tl0maM	0.0118408038840498
0	SOTYO3ifqE	0.0121993513866869
0	4chUaF1NCT	0.0114948894628441
0	YAR1LiKgPS	0.0112379125454975
0	OWjui8VDaQ	0.0132782197873566
0	6vTrD390Mm	0.0127858581975575
0	Rrnm9Mg2Ue	0.0114402755228572
0	ya0z6PMm2R	0.0113616856154046
0	fSAM6TzAIs	0.0127428589395815
0	XqeNJMAKih	0.012380901543597
0	J1XrOuMtCL	0.0116950834984848
0	9vqInf8I4o	0.0115088102785276
0	8AkkCzVLaV	0.0124993120720193
0	slomSDEf9N	0.0112181813114644
0	KyXbPDShyg	0.0114307567871712
0	N9bTUzVF8n	0.0126000938527026
0	MufsaEeUlz	0.0108150021946608
0	aq31payoGY	0.0118522882943547
0	yLORJ4RFGd	0.0116609429853919
0	4tLkJfgisI	0.0116613424454082
0	S58AxEBTof	0.0126660661843761
0	cIPxKTqsQL	0.0129783949084333
0	qBuxrK2E4A	0.0128909354584351
0	QPKh3YTE8f	0.011398968332964
0	r8iKwzEzPM	0.0102263322871629
0	vuRUYEigVS	0.0124028326227817
0	M5CzNtKTKX	0.0123483509980614
0	yol8nZfn9d	0.0123797848871215
0	blCljKwtC5	0.0118598008442619
0	7FU0V1P8fq	0.0107463736353723
0	ujiEd7Apx2	0.0117076134172096
0	vW0SY9SJdC	0.0128554422104639
0	SokIx5FefN	0.0122018507141986
0	3RYFq4BMa8	0.0129947461483588
0	F1HWWsi4Fk	0.0111611492973668
0	EYZ84jqZs2	0.0127708285993256
0	KSs3OzO2c1	0.0114699045310562
0	RtlY1cI4l6	0.0127404310378801
0	WFJUT9CohR	0.0110349115417352
0	OmF64CFCcz	0.0119965476684114
0	wuaKCkrjjx	0.0115737232275351
0	Fb5pIDhClL	0.011878779492147
0	5aP4xipQV7	0.0123021375290638
0	y15DlsRsPt	0.0124930359009774
0	oRRXB7UWce	0.0113252188460385
0	X81bEkmded	0.0124264208020092
0	K3vFeGYPc6	0.0133936590568237
0	zSODCMnCjO	0.0123491080628966
0	kz02yQJX6A	0.0102123001285556
0	YMKKuxudDl	0.0119540701557405
0	6wb3l1Wnox	0.0110328341933082
0	3hZZSlYJ3X	0.0106538511507708
0	54Ggq0JJiM	0.0129126565703338
0	nvHEhqMbrp	0.0115786700394576
0	8biFPclMLt	0.0118823756104044
0	LsUrsehfI8	0.0130125340877447
0	Tc55ojwI7w	0.013541726977482
0	u3UlljAaKp	0.022768202720558
0	N6djSiwyij	0.0114930116064304
0	CZjfvutN7u	0.0119866501373256
0	fcBAruK65V	0.0124404111635633
0	ut1UYOIYSq	0.0115734528939145
0	DqY5GWotVo	0.011190100178434
0	YvgosPDSzq	0.0226943446953335
0	nfeITdWDiK	0.0102477023282113
0	g8wxg5npan	0.0124721591547526
0	5AszJexD0i	0.0115532897014534
0	ShsFdrDmUl	0.0112756604179115
0	1WUExVO0Js	0.011428703171944
0	BUU2e8256H	0.01262326054688
0	zFi7eQcLGP	0.0106890175054746
0	dYT206WVIl	0.0118478796313632
0	tmhqaRC0iE	0.0124135706361079
0	jkePOjgvl6	0.0114422868851968
0	cuia310klW	0.0108609278024144
0	aqQTEZgu3b	0.0120695842536977
0	nF8dR7G9II	0.0115773372707672
0	VAUrKgydym	0.0116785021702763
0	QlnGPPjIHA	0.0115015811245045
0	VEFZui88Qh	0.0110508219522063
0	kQyGNHWaX8	0.0116781002153716
0	WWaiNXPAdo	0.0116658014747486
0	vj4KLdRr9Z	0.0116086815413909
0	BgGYzoXZJN	0.0118386420500981
0	usaKy61QpE	0.0117961299697814
0	ZRIW3058O0	0.0122054212273067
0	8VfIvHswLS	0.0121527448535478
0	fFr034Xgub	0.0123957258512439
0	dHzBJ0LLul	0.0109130114875642
0	jaR6QTGtaA	0.0119259528148485
0	MxGJq5aif1	0.0110079481368724
0	rlzg1ir5nq	0.0118008821518082
0	t6Wsa5FsDW	0.0124674370712384
0	qMm2DqT92X	0.0113000283178267
0	Yh6uuRRweJ	0.0101544229739333
0	8zVkx34UAb	0.0125145783081816
0	3AnMTJZNPr	0.0118717740477623
0	uMXfTXveVV	0.0123194148489245
0	3DEw3ATiAD	0.0114421441837692
0	EuHkrHUtWt	0.0104601617774349
0	50aiyvRZJF	0.0117929914486539
0	3Ti8pHLl9H	0.0119880286862775
0	M5vTL4HEF7	0.0113235345402273
0	Zq2H3zPu4v	0.0122492670954453
0	BLZZDCMl90	0.0107699399300781
0	0ZsWGeZkHO	0.0129765680200305
0	fOvQzcmPsJ	0.011410387315544
0	RmOICfM9ra	0.0110256681351412
0	E7ITi3Gnfp	0.0110809759653852
0	ZzQYehZlzY	0.0108314467752417
0	h5mu2MxpTN	0.0118051064239546
0	z29HVoIRkW	0.0124297365908274
0	Viq2r7lh9z	0.0120663290921349
0	tDt3otBYpV	0.010810191022079
0	ODYLT2WXvg	0.011698297699287
0	3stzoIatqc	0.0110166348448879
0	FBJoDpKqOy	0.0103922248590492
0	ptp73yZ6jG	0.0132762885651959
0	El8yci30Pv	0.0131689772172144
0	VCHjQLZKKB	0.0099680699576251
0	SnEVVsvwgP	0.0117408370240397
0	MiCJ2ZgwuW	0.0116064526386186
0	drFgJaAoET	0.0134907838899319
0	0SJRpZBfkY	0.0116886816635007
0	9bLBAt6hZc	0.0123378598047538
0	dYN2tAZLnM	0.0125831522199572
0	3LB99HiYeT	0.0129383016432903
0	XJqCaoXCkD	0.013846669678355
0	jplBi5Ogjk	0.0119365791469571
0	7QnioZYCom	0.0103207090242969
0	1rXGCZ3vct	0.0116937624032268
0	YQztp9Qaul	0.0127264300607155
0	8urFftLu1y	0.0116891421526514
0	Ode5yLh6Ol	0.0111160554895195
0	k0eDHvVYIV	0.0106552584350001
0	qriQu4sr1u	0.0097761435582646
0	VzEj32SSJs	0.0108288663352744
0	RZ2mlyuTty	0.0126332269860656
0	Ec7Tqt9qjG	0.0114792147506548
0	nSJPEQ7KpZ	0.0099507486193966
0	H7Be3LxBnK	0.0108361512158415
0	NcMz61ZocI	0.0117291911904405
0	gv6FHKI7hd	0.0115611881324046
0	ybbE4mU2NF	0.0123394800101215
0	S5XFgLTwxK	0.0103266922264234
0	EAbQvn3eeq	0.0113858775715061
0	DfkffTAop0	0.0099088385067507
0	Mv4wnVPeWb	0.0122750388730085
0	yCRBEWArYW	0.0122887601341512
0	vennmOZBm9	0.011562394011997
0	2RSoiuTDlj	0.0111358391497527
0	YIwC0HCy6y	0.0133262063249604
0	68DmgngjP6	0.0116539352557533
0	xmr71j4vnR	0.0105521647897942
0	m03mp9XhDd	0.012486373362984
0	5fFh6lVw0E	0.0116520623721876
0	vv4RGgU1eY	0.0118138219688995
0	EgOyhutRnZ	0.0113968285304374
0	o3QAT1aF7W	0.0108355884132527
0	M69tU245GD	0.0130985061225147
0	b8fOFCBxVB	0.0126059561086914
0	P55UGgUyTx	0.0109725394871691
0	s8wtjacS2Q	0.01099710714999
0	0BqE1TS7M6	0.0125667528498995
0	1sG3cL00Or	0.0119089866968967
0	udTnElVVF5	0.011059870963114
0	SNJJeqzeol	0.0111046249514092
0	dmKCQm30YF	0.011145966622248
0	wqFCIeEQPC	0.0119559590206612
0	LycInCH6Gh	0.0115671729734977
0	yLLiLmP46D	0.0123746971072416
0	0TlpoSbHx2	0.0125419286850642
0	9iDMSOkWbS	0.0123027714166018
0	R5cA4Niu31	0.0114139500217252
0	vT9EqQVFXY	0.0119841276336038
0	s6StLm45no	0.0127630265968755
0	qQQ9XIoKOe	0.0117041452422534
0	aLpANsnOlu	0.0110609653214125
0	vuPum2dyU8	0.0121694797385737
0	xkyy8GVcg2	0.0104947026173475
0	Dp8TGj6o0F	0.0116228481810063
0	HOmL5NxIJz	0.0123129294258417
0	eXW2IbkbZT	0.0121994950060907
0	opH1YLx5N8	0.0114478728160504
0	gdRTMZR7xd	0.0108076926834723
0	mHHwjKrTve	0.0115876672835877
0	uvLRGf9gGF	0.0116267087353285
0	bNXEDbauit	0.0100855811639382
0	s2jmiBaz39	0.0125268435393012
0	A7WiwU2IZU	0.0112992885553114
0	3pm6vSiO3H	0.0118461475189126
0	uCvPU7zx3n	0.0116796428501044
0	D4mdo9jLaX	0.0114729766068909
0	H4zWUVZCO6	0.0104406623949923
0	2wB187GAQ5	0.0127162993188603
0	dOXUL0HqQf	0.0122101937673642
0	R34E95eMe3	0.0105052780645037
0	iugJYT0U3W	0.012021692138496
0	2bDwmNPAjk	0.0116598396809473
0	VGPGz23tk9	0.0122250488428063
0	WARDT50URa	0.0109373041977312
0	t0utrQ9JPN	0.0122963174228693
0	dkebYYLOKK	0.010910793396515
0	gClDVGVVWC	0.0125022626329101
0	N6yqhNAZvP	0.0110150115473441
0	1aexExeZ0L	0.0125050877362932
0	Xizgp8WbXv	0.0120859651450968
0	5rkA64gLsJ	0.0113588613654097
0	qJ1gIVRu1H	0.0115047677424226
0	Qprn6BHPSZ	0.0107566457980333
0	S14EvinovK	0.010975705861902
0	ONuYJTpfDP	0.01229309399162
0	bgbdpqxNGd	0.0127089539621144
0	pVaH6d1zpP	0.0119294999511167
0	4agtNH6FC5	0.0113635382340813
0	wxoQWw8hkg	0.0100519650162755
0	0Zp2eir9mj	0.0103948673570142
0	00ONPq88jh	0.0107382237398136
0	HZFgB3zY2r	0.0114154298758686
0	SZUbHPtgbx	0.0123525910911567
0	Fu2MVGBIsr	0.0126431916450108
0	eDVIKkMdXV	0.0112052963654861
0	KYjHWtddwB	0.0121383239189331
0	G5GECr1iWN	0.0124896968720181
0	fVlCz3F0cI	0.0107443659461307
0	WKwICXGrw1	0.0123320590974299
0	TTLhLABUz4	0.0117838679659372
0	gLQJ0iQel8	0.0095764345201089
0	Ts1xNU8eDW	0.0104135807974375
0	xM0yJef4I4	0.0118499906653566
0	rcHDaSAxPH	0.0104613764753838
0	PLMGgTGs9R	0.0106131989016644
0	oj3kU0T4rd	0.0124506985228612
0	MEZ7eI0hKZ	0.0123157130775844
0	0eTsStJyO7	0.0125345017004329
0	QKasxZvHcQ	0.0103402801340232
0	NPbRoIvLwT	0.0112509032666032
0	SHzBTK6G6a	0.0107764097000689
0	KgCJUf81Vb	0.012210083580452
0	YGype1rv0s	0.0117436897158388
0	IVGUZychEN	0.0125940068999255
0	eBWfonLV6f	0.0129976491067079
0	KOZ4fOrAYS	0.0099719530009621
0	KfpgIc4UtC	0.0099517620546248
0	r7YyGPWTiV	0.01165508805801
0	Xwk7gGcv6D	0.0116043159028806
0	Bkn22f1A6F	0.0121264747418079
0	TOxYGPxiJj	0.0133076061653787
0	C7iGTolDYU	0.0110986697965377
0	emaA7RXTbF	0.0131139460146004
0	JOK4yqKrv3	0.0117854823587685
0	3lWiw1S5Vi	0.0102659668829747
0	r59Bld3ldz	0.0112767104970101
0	KRmg1IIz8l	0.0123459804802494
0	1DaFJceh9c	0.0113957903648565
0	lb35vfoLYb	0.0104273688427948
0	ByVyH4PrL0	0.0124044072003306
0	bEJNhNd6hA	0.0116671961387013
0	poTVGXx1Cx	0.010725174880421
0	OBGY9zjXLB	0.0120036892780761
0	i0IAiTQxWu	0.0120432239964604
0	kpXxyWtx4j	0.0123411016399066
0	nCw3F7gwpU	0.0111734329289943
0	mey5Ii346m	0.0120571867619779
0	GkRGvMTqs7	0.0112963349450327
0	RirPKhZoEK	0.012669139710648
0	nOp4s0Wk7t	0.0108977550219366
0	K5pAcpU5Kj	0.0099075458238409
0	f9oQRgi5ph	0.0116474947567651
0	JhaE2HWFTz	0.0114175852524025
0	pzFF3oV4eS	0.0120514366375877
0	WSvKmci7I9	0.0129823901530518
0	4qFjvJD56m	0.0132080127880148
0	nuEESPAtH1	0.0103305069423017
0	8UVhnWLvU7	0.0106783033822313
0	iIgfjEZhuH	0.0122348787405857
0	vQZf6MDp0L	0.0116177365908051
0	bV1fOmUs7o	0.013047646951954
0	AJbpGmGh1b	0.0104741864761288
0	hPCziOekfN	0.0121737773370814
0	vMV90W2Evj	0.0119105121914825
0	JAYdimftKZ	0.012511946954957897
